{
	"name":"Default brand",
	"version":"1.0",
	"interface":{
		"primary":"#ffffff",
		"primaryAlt":"#ffffff",
		"primaryAlt2":"#ffffff",
		"primaryAlt3":"#ffffff",
		"primaryAlt4":"#ffffff",
		"primaryContrast":"#ffffff",

		"secondary":"#ffffff",
		"secondaryAlt":"#ffffff",
		"secondaryAlt2":"#ffffff",
		"secondaryAlt3":"#ffffff",
		"secondaryContrast":"#ffffff",

		"neutralPrimary":"#ffffff",
		"neutralPrimaryAlt":"#ffffff",
		"neutralPrimaryAlt2":"#ffffff",
		"neutralPrimaryAlt3":"#ffffff",
		"neutralPrimaryContrast":"#ffffff",

		"neutralSecondary":"#ffffff",
		"neutralSecondaryAlt":"#ffffff",
		"neutralSecondaryAlt2":"#ffffff",
		"neutralSecondaryAlt3":"#ffffff",
		"neutralSecondaryContrast":"#ffffff",

		"neutralTertiary":"#ffffff",
		"neutralTertiaryAlt":"#ffffff",
		"neutralTertiaryAlt2":"#ffffff",
		"neutralTertiaryAlt3":"#ffffff",
		"neutralTertiaryContrast":"#ffffff",

		"danger":"#bb2124",
		"success":"#2b3",
		"warning":"#f0ad4e",
		"info":"#5bc0de",
		"dangerContrast":"#fff",
		"successContrast":"#fff",
		"warningContrast":"#fff",
		"infoContrast":"#fff",

		"kpiGood":"#4fb443",
		"kpiBad":"#de061a",
		"kpiNeutral":"#d9b42c",
		"kpiNone":"#333",
		"kpiGoodContrast":"#fff",
		"kpiBadContrast":"#fff",
		"kpiNeutralContrast":"#fff",
		"kpiNoneContrast":"#fff"
	},
	"theme":{
		"dataPoints":[
			"#0072c6",
			"#f68c1f",
			"#269657",
			"#dd5900",
			"#5b3573",
			"#22bdef",
			"#b4009e",
			"#008274",
			"#fdc336",
			"#ea3c00",
			"#00188f",
			"#9f9f9f"
		],

		"good":"#85ba00",
		"bad":"#e90000",
		"neutral":"#edb327",
		"none":"#333",

		"background":"#fff",
		"foreground":"#222",
		"mapBase":"#00aeef",
		"panelBackground":"#f6f6f6",
		"panelForeground":"#222",
		"panelAccent":"#00aeef",
		"tableAccent":"#00aeef",

		"altBackground":"#f6f6f6",
		"altForeground":"#000",
		"altMapBase":"#f68c1f",
		"altPanelBackground":"#235378",
		"altPanelForeground":"#fff",
		"altPanelAccent":"#fdc336",
		"altTableAccent":"#fdc336"
	}
}